Workbook

Sheet 📥 Data Source
A1: 🏧 RETRAITS NON SERVIS — 2025 | DATA SOURCE
A2: Extraction : 02/06/2026 | ⚠️ Colle tes données à partir de A5 — CTRL+V directement
A4: DATE_OPERATION (DDMMYYYY) | B4: NUM_AUTOMATE | C4: LIB_SIT_ IMPLEMENTATION | D4: CODE_SITE_ IMPLEMENTATION | E4: TYPE_PORTEUR | F4: NB_RETRAIT_ NON_ABOUTIS | G4: MONTANT | H4: MOTIF
A5: 15012025 | B5: A001 | C5: Agence Paris Centre | D5: SIT001 | E5: Porteur | F5: 1 | G5: 250
A6: 22012025 | B6: A002 | C6: Agence Lyon Sud | D6: SIT002 | E6: Non porteur | F6: 1 | G6: 100
A7: 03022025 | B7: A003 | C7: Agence Marseille | D7: SIT003 | E7: Porteur | F7: 2 | G7: 500
A8: 14022025 | B8: A004 | C8: Agence Bordeaux | D8: SIT004 | E8: Non porteur | F8: 1 | G8: 300
A9: 28022025 | B9: A005 | C9: Agence Nantes | D9: SIT005 | E9: Porteur | F9: 1 | G9: 150
A10: 10032025 | B10: A001 | C10: Agence Paris Centre | D10: SIT001 | E10: Non porteur | F10: 1 | G10: 200
A11: 25032025 | B11: A002 | C11: Agence Lyon Sud | D11: SIT002 | E11: Porteur | F11: 2 | G11: 450
A12: 02042025 | B12: A003 | C12: Agence Marseille | D12: SIT003 | E12: Non porteur | F12: 1 | G12: 350
A13: 18042025 | B13: A004 | C13: Agence Bordeaux | D13: SIT004 | E13: Porteur | F13: 3 | G13: 600
A14: 05052025 | B14: A005 | C14: Agence Nantes | D14: SIT005 | E14: Non porteur | F14: 1 | G14: 275
A15: 12052025 | B15: A001 | C15: Agence Paris Centre | D15: SIT001 | E15: Porteur | F15: 1 | G15: 180
A16: 28052025 | B16: A002 | C16: Agence Lyon Sud | D16: SIT002 | E16: Non porteur | F16: 2 | G16: 420
... A19: 30062025 | B19: A005 | C19: Agence Nantes | D19: SIT005 | E19: Porteur | F19: 1 | G19: 220
A21: ⚠️ Supprime les lignes exemple (5 à 19), colle tes données en A5 directement avec CTRL+V

Sheet 📊 Par Automate
A1: 📊 ANALYSE PAR AUTOMATE
A2: Extraction : 02/06/2026 | Résultats calculés automatiquement depuis Data Source
A4: ⚡ INDICATEURS CLÉS GLOBAUX
A5: Total Lignes | B5: Nb Retraits Non Aboutis | C5: Montant Total (€) | D5: Ops Porteurs | E5: Retraits Porteurs | F5: Montant Porteurs (€)
A6: =COUNTA('📥 Data Source'!B5:B5000) -> 0 | B6: =SUM('📥 Data Source'!F5:F5000) -> 0 | C6: =SUM('📥 Data Source'!G5:G5000) -> 0 | D6: =COUNTIF('📥 Data Source'!E5:E5000,"Porteur") -> 0 | E6: =SUMIF('📥 Data Source'!E5:E5000,"Porteur",'📥 Data Source'!F5:F5000) -> 0 | F6: =SUMIF('📥 Data Source'!E5:E5000,"Porteur",'📥 Data Source'!G5:G5000) -> 0
A8: 📋 RÉCAPITULATIF PAR NUM_AUTOMATE
A9: NUM_AUTOMATE | B9: LIB SITE IMPLEMENTATION | C9: NB RETRAITS NON ABOUTIS | D9: MONTANT TOTAL (€) | E9: NB OPS PORTEURS | F9: NB OPS NON PORTEURS
A10: A001 | B10: Agence Paris Centre | C10: =SUMIF('📥 Data Source'!B5:B5000,"A001",'📥 Data Source'!F5:F5000) -> 0 | D10: =SUMIF('📥 Data Source'!B5:B5000,"A001",'📥 Data Source'!G5:G5000) -> 0 | E10: =COUNTIFS('📥 Data Source'!B5:B5000,"A001",'📥 Data Source'!E5:E5000,"Porteur") -> 0 | F10: =COUNTIFS('📥 Data Source'!B5:B5000,"A001",'📥 Data Source'!E5:E5000,"Non porteur") -> 0
A11: A002 | B11: Agence Lyon Sud | C11: =SUMIF('📥 Data Source'!B5:B5000,"A002",'📥 Data Source'!F5:F5000) -> 0 | D11: =SUMIF('📥 Data Source'!B5:B5000,"A002",'📥 Data Source'!G5:G5000) -> 0 | E11: =COUNTIFS('📥 Data Source'!B5:B5000,"A002",'📥 Data Source'!E5:E5000,"Porteur") -> 0 | F11: =COUNTIFS('📥 Data Source'!B5:B5000,"A002",'📥 Data Source'!E5:E5000,"Non porteur") -> 0
A12: A003 | B12: Agence Marseille | C12: =SUMIF('📥 Data Source'!B5:B5000,"A003",'📥 Data Source'!F5:F5000) -> 0 | D12: =SUMIF('📥 Data Source'!B5:B5000,"A003",'📥 Data Source'!G5:G5000) -> 0 | E12: =COUNTIFS('📥 Data Source'!B5:B5000,"A003",'📥 Data Source'!E5:E5000,"Porteur") -> 0 | F12: =COUNTIFS('📥 Data Source'!B5:B5000,"A003",'📥 Data Source'!E5:E5000,"Non porteur") -> 0
A13: A004 | B13: Agence Bordeaux | C13: =SUMIF('📥 Data Source'!B5:B5000,"A004",'📥 Data Source'!F5:F5000) -> 0 | D13: =SUMIF('📥 Data Source'!B5:B5000,"A004",'📥 Data Source'!G5:G5000) -> 0 | E13: =COUNTIFS('📥 Data Source'!B5:B5000,"A004",'📥 Data Source'!E5:E5000,"Porteur") -> 0 | F13: =COUNTIFS('📥 Data Source'!B5:B5000,"A004",'📥 Data Source'!E5:E5000,"Non porteur") -> 0
A14: A005 | B14: Agence Nantes | C14: =SUMIF('📥 Data Source'!B5:B5000,"A005",'📥 Data Source'!F5:F5000) -> 0 | D14: =SUMIF('📥 Data Source'!B5:B5000,"A005",'📥 Data Source'!G5:G5000) -> 0 | E14: =COUNTIFS('📥 Data Source'!B5:B5000,"A005",'📥 Data Source'!E5:E5000,"Porteur") -> 0 | F14: =COUNTIFS('📥 Data Source'!B5:B5000,"A005",'📥 Data Source'!E5:E5000,"Non porteur") -> 0
A15: TOTAL | C15: =SUM(C10:C14) -> 0 | D15: =SUM(D10:D14) -> 0 | E15: =SUM(E10:E14) -> 0 | F15: =SUM(F10:F14) -> 0

Sheet 🏢 Par Site
A1: 🏢 ANALYSE PAR SITE D'IMPLÉMENTATION
A2: Extraction : 02/06/2026 | Résultats calculés automatiquement depuis Data Source
A4: 📋 RÉCAPITULATIF PAR CODE_SITE_IMPLEMENTATION
A5: CODE SITE | B5: LIB SITE | C5: NB RETRAITS NON ABOUTIS | D5: MONTANT TOTAL (€) | E5: NB OPS PORTEURS | F5: NB OPS NON PORTEURS
A6: SIT001 | B6: Agence Paris Centre | C6: =SUMIF('📥 Data Source'!D5:D5000,"SIT001",'📥 Data Source'!F5:F5000) -> 0 | D6: =SUMIF('📥 Data Source'!D5:D5000,"SIT001",'📥 Data Source'!G5:G5000) -> 0 | E6: =COUNTIFS('📥 Data Source'!D5:D5000,"SIT001",'📥 Data Source'!E5:E5000,"Porteur") -> 0 | F6: =COUNTIFS('📥 Data Source'!D5:D5000,"SIT001",'📥 Data Source'!E5:E5000,"Non porteur") -> 0
A7: SIT002 | B7: Agence Lyon Sud | C7: =SUMIF('📥 Data Source'!D5:D5000,"SIT002",'📥 Data Source'!F5:F5000) -> 0 | D7: =SUMIF('📥 Data Source'!D5:D5000,"SIT002",'📥 Data Source'!G5:G5000) -> 0 | E7: =COUNTIFS('📥 Data Source'!D5:D5000,"SIT002",'📥 Data Source'!E5:E5000,"Porteur") -> 0 | F7: =COUNTIFS('📥 Data Source'!D5:D5000,"SIT002",'📥 Data Source'!E5:E5000,"Non porteur") -> 0
A8: SIT003 | B8: Agence Marseille | C8: =SUMIF('📥 Data Source'!D5:D5000,"SIT003",'📥 Data Source'!F5:F5000) -> 0 | D8: =SUMIF('📥 Data Source'!D5:D5000,"SIT003",'📥 Data Source'!G5:G5000) -> 0 | E8: =COUNTIFS('📥 Data Source'!D5:D5000,"SIT003",'📥 Data Source'!E5:E5000,"Porteur") -> 0 | F8: =COUNTIFS('📥 Data Source'!D5:D5000,"SIT003",'📥 Data Source'!E5:E5000,"Non porteur") -> 0
A9: SIT004 | B9: Agence Bordeaux | C9: =SUMIF('📥 Data Source'!D5:D5000,"SIT004",'📥 Data Source'!F5:F5000) -> 0 | D9: =SUMIF('📥 Data Source'!D5:D5000,"SIT004",'📥 Data Source'!G5:G5000) -> 0 | E9: =COUNTIFS('📥 Data Source'!D5:D5000,"SIT004",'📥 Data Source'!E5:E5000,"Porteur") -> 0 | F9: =COUNTIFS('📥 Data Source'!D5:D5000,"SIT004",'📥 Data Source'!E5:E5000,"Non porteur") -> 0
A10: SIT005 | B10: Agence Nantes | C10: =SUMIF('📥 Data Source'!D5:D5000,"SIT005",'📥 Data Source'!F5:F5000) -> 0 | D10: =SUMIF('📥 Data Source'!D5:D5000,"SIT005",'📥 Data Source'!G5:G5000) -> 0 | E10: =COUNTIFS('📥 Data Source'!D5:D5000,"SIT005",'📥 Data Source'!E5:E5000,"Porteur") -> 0 | F10: =COUNTIFS('📥 Data Source'!D5:D5000,"SIT005",'📥 Data Source'!E5:E5000,"Non porteur") -> 0
A11: TOTAL | C11: =SUM(C6:C10) -> 0 | D11: =SUM(D6:D10) -> 0 | E11: =SUM(E6:E10) -> 0 | F11: =SUM(F6:F10) -> 0

Sheet 👥 Porteur vs Non Porteur
A1: 👥 PORTEUR vs NON PORTEUR — COMPARATIF
A2: Extraction : 02/06/2026 | Résultats calculés automatiquement depuis Data Source
A4: 📊 SYNTHÈSE COMPARÉE
A5: INDICATEUR | B5: PORTEUR | C5: NON PORTEUR | D5: TOTAL | E5: % PORTEURS
A6: Nb Lignes | B6: =COUNTIF('📥 Data Source'!E5:E5000,"Porteur") -> 0 | C6: =COUNTIF('📥 Data Source'!E5:E5000,"Non porteur") -> 0 | D6: =B6+C6 -> 0 | E6: =IFERROR(B6/D6,0) -> 0
A7: Nb Retraits Non Aboutis | B7: =SUMIF('📥 Data Source'!E5:E5000,"Porteur",'📥 Data Source'!F5:F5000) -> 0 | C7: =SUMIF('📥 Data Source'!E5:E5000,"Non porteur",'📥 Data Source'!F5:F5000) -> 0 | D7: =B7+C7 -> 0 | E7: =IFERROR(B7/D7,0) -> 0
A8: Montant Total (€) | B8: =SUMIF('📥 Data Source'!E5:E5000,"Porteur",'📥 Data Source'!G5:G5000) -> 0 | C8: =SUMIF('📥 Data Source'!E5:E5000,"Non porteur",'📥 Data Source'!G5:G5000) -> 0 | D8: =B8+C8 -> 0 | E8: =IFERROR(B8/D8,0) -> 0
A9: Montant Moyen / Retrait (€) | B9: =IFERROR(B8/B7,0) -> 0 | C9: =IFERROR(C8/C7,0) -> 0 | D9: =IFERROR(D8/D7,0) -> 0
A12: 📋 DÉTAIL PAR AUTOMATE × TYPE PORTEUR
A13: NUM_AUTOMATE | B13: NB RETRAITS PORTEUR | C13: NB RETRAITS NON PORTEUR | D13: MNT PORTEUR (€) | E13: MNT NON PORTEUR (€)
A14: A001 | B14: =SUMIFS('📥 Data Source'!F5:F5000,'📥 Data Source'!B5:B5000,"A001",'📥 Data Source'!E5:E5000,"Porteur") -> 0 | C14: =SUMIFS('📥 Data Source'!F5:F5000,'📥 Data Source'!B5:B5000,"A001",'📥 Data Source'!E5:E5000,"Non porteur") -> 0 | D14: =SUMIFS('📥 Data Source'!G5:G5000,'📥 Data Source'!B5:B5000,"A001",'📥 Data Source'!E5:E5000,"Porteur") -> 0 | E14: =SUMIFS('📥 Data Source'!G5:G5000,'📥 Data Source'!B5:B5000,"A001",'📥 Data Source'!E5:E5000,"Non porteur") -> 0
A15: A002 | B15: =SUMIFS('📥 Data Source'!F5:F5000,'📥 Data Source'!B5:B5000,"A002",'📥 Data Source'!E5:E5000,"Porteur") -> 0 | C15: =SUMIFS('📥 Data Source'!F5:F5000,'📥 Data Source'!B5:B5000,"A002",'📥 Data Source'!E5:E5000,"Non porteur") -> 0 | D15: =SUMIFS('📥 Data Source'!G5:G5000,'📥 Data Source'!B5:B5000,"A002",'📥 Data Source'!E5:E5000,"Porteur") -> 0 | E15: =SUMIFS('📥 Data Source'!G5:G5000,'📥 Data Source'!B5:B5000,"A002",'📥 Data Source'!E5:E5000,"Non porteur") -> 0
A16: A003 | B16: =SUMIFS('📥 Data Source'!F5:F5000,'📥 Data Source'!B5:B5000,"A003",'📥 Data Source'!E5:E5000,"Porteur") -> 0 | C16: =SUMIFS('📥 Data Source'!F5:F5000,'📥 Data Source'!B5:B5000,"A003",'📥 Data Source'!E5:E5000,"Non porteur") -> 0 | D16: =SUMIFS('📥 Data Source'!G5:G5000,'📥 Data Source'!B5:B5000,"A003",'📥 Data Source'!E5:E5000,"Porteur") -> 0 | E16: =SUMIFS('📥 Data Source'!G5:G5000,'📥 Data Source'!B5:B5000,"A003",'📥 Data Source'!E5:E5000,"Non porteur") -> 0
A17: A004 | B17: =SUMIFS('📥 Data Source'!F5:F5000,'📥 Data Source'!B5:B5000,"A004",'📥 Data Source'!E5:E5000,"Porteur") -> 0 | C17: =SUMIFS('📥 Data Source'!F5:F5000,'📥 Data Source'!B5:B5000,"A004",'📥 Data Source'!E5:E5000,"Non porteur") -> 0 | D17: =SUMIFS('📥 Data Source'!G5:G5000,'📥 Data Source'!B5:B5000,"A004",'📥 Data Source'!E5:E5000,"Porteur") -> 0 | E17: =SUMIFS('📥 Data Source'!G5:G5000,'📥 Data Source'!B5:B5000,"A004",'📥 Data Source'!E5:E5000,"Non porteur") -> 0
A18: A005 | B18: =SUMIFS('📥 Data Source'!F5:F5000,'📥 Data Source'!B5:B5000,"A005",'📥 Data Source'!E5:E5000,"Porteur") -> 0 | C18: =SUMIFS('📥 Data Source'!F5:F5000,'📥 Data Source'!B5:B5000,"A005",'📥 Data Source'!E5:E5000,"Non porteur") -> 0 | D18: =SUMIFS('📥 Data Source'!G5:G5000,'📥 Data Source'!B5:B5000,"A005",'📥 Data Source'!E5:E5000,"Porteur") -> 0 | E18: =SUMIFS('📥 Data Source'!G5:G5000,'📥 Data Source'!B5:B5000,"A005",'📥 Data Source'!E5:E5000,"Non porteur") -> 0
A19: TOTAL | B19: =SUM(B14:B18) -> 0 | C19: =SUM(C14:C18) -> 0 | D19: =SUM(D14:D18) -> 0 | E19: =SUM(E14:E18) -> 0

Sheet 📅 Analyse par Jour
A1: 📅 ANALYSE JOURNALIÈRE — 2025
A2: Extraction : 02/06/2026 | Format date : DDMMYYYY
A4: 📆 RÉCAPITULATIF PAR JOUR
A5: DATE (DDMMYYYY) | B5: NUM_AUTOMATE | C5: NB RETRAITS NON ABOUTIS | D5: MONTANT TOTAL (€) | E5: NB OPS PORTEURS | F5: NB OPS NON PORTEURS
A6: 02042025 | B6: A003 | C6: =SUMIFS('📥 Data Source'!F5:F5000,'📥 Data Source'!A5:A5000,"02042025",'📥 Data Source'!B5:B5000,"A003") -> 0 | D6: =SUMIFS('📥 Data Source'!G5:G5000,'📥 Data Source'!A5:A5000,"02042025",'📥 Data Source'!B5:B5000,"A003") -> 0 | E6: =COUNTIFS('📥 Data Source'!A5:A5000,"02042025",'📥 Data Source'!B5:B5000,"A003",'📥 Data Source'!E5:E5000,"Porteur") -> 0 | F6: =COUNTIFS('📥 Data Source'!A5:A5000,"02042025",'📥 Data Source'!B5:B5000,"A003",'📥 Data Source'!E5:E5000,"Non porteur") -> 0
A7: 03022025 | B7: A003 | C7: =SUMIFS('📥 Data Source'!F5:F5000,'📥 Data Source'!A5:A5000,"03022025",'📥 Data Source'!B5:B5000,"A003") -> 0 | D7: =SUMIFS('📥 Data Source'!G5:G5000,'📥 Data Source'!A5:A5000,"03022025",'📥 Data Source'!B5:B5000,"A003") -> 0 | E7: =COUNTIFS('📥 Data Source'!A5:A5000,"03022025",'📥 Data Source'!B5:B5000,"A003",'📥 Data Source'!E5:E5000,"Porteur") -> 0 | F7: =COUNTIFS('📥 Data Source'!A5:A5000,"03022025",'📥 Data Source'!B5:B5000,"A003",'📥 Data Source'!E5:E5000,"Non porteur") -> 0
A8: 04062025 | B8: A003 | C8: =SUMIFS('📥 Data Source'!F5:F5000,'📥 Data Source'!A5:A5000,"04062025",'📥 Data Source'!B5:B5000,"A003") -> 0 | D8: =SUMIFS('📥 Data Source'!G5:G5000,'📥 Data Source'!A5:A5000,"04062025",'📥 Data Source'!B5:B5000,"A003") -> 0 | E8: =COUNTIFS('📥 Data Source'!A5:A5000,"04062025",'📥 Data Source'!B5:B5000,"A003",'📥 Data Source'!E5:E5000,"Porteur") -> 0 | F8: =COUNTIFS('📥 Data Source'!A5:A5000,"04062025",'📥 Data Source'!B5:B5000,"A003",'📥 Data Source'!E5:E5000,"Non porteur") -> 0
A9: 05052025 | B9: A005 | C9: =SUMIFS('📥 Data Source'!F5:F5000,'📥 Data Source'!A5:A5000,"05052025",'📥 Data Source'!B5:B5000,"A005") -> 0 | D9: =SUMIFS('📥 Data Source'!G5:G5000,'📥 Data Source'!A5:A5000,"05052025",'📥 Data Source'!B5:B5000,"A005") -> 0 | E9: =COUNTIFS('📥 Data Source'!A5:A5000,"05052025",'📥 Data Source'!B5:B5000,"A005",'📥 Data Source'!E5:E5000,"Porteur") -> 0 | F9: =COUNTIFS('📥 Data Source'!A5:A5000,"05052025",'📥 Data Source'!B5:B5000,"A005",'📥 Data Source'!E5:E5000,"Non porteur") -> 0
A10: 10032025 | B10: A001 | C10: =SUMIFS('📥 Data Source'!F5:F5000,'📥 Data Source'!A5:A5000,"10032025",'📥 Data Source'!B5:B5000,"A001") -> 0 | D10: =SUMIFS('📥 Data Source'!G5:G5000,'📥 Data Source'!A5:A5000,"10032025",'📥 Data Source'!B5:B5000,"A001") -> 0 | E10: =COUNTIFS('📥 Data Source'!A5:A5000,"10032025",'📥 Data Source'!B5:B5000,"A001",'📥 Data Source'!E5:E5000,"Porteur") -> 0 | F10: =COUNTIFS('📥 Data Source'!A5:A5000,"10032025",'📥 Data Source'!B5:B5000,"A001",'📥 Data Source'!E5:E5000,"Non porteur") -> 0
A11: 12052025 | B11: A001 | C11: =SUMIFS('📥 Data Source'!F5:F5000,'📥 Data Source'!A5:A5000,"12052025",'📥 Data Source'!B5:B5000,"A001") -> 0 | D11: =SUMIFS('📥 Data Source'!G5:G5000,'📥 Data Source'!A5:A5000,"12052025",'📥 Data Source'!B5:B5000,"A001") -> 0 | E11: =COUNTIFS('📥 Data Source'!A5:A5000,"12052025",'📥 Data Source'!B5:B5000,"A001",'📥 Data Source'!E5:E5000,"Porteur") -> 0 | F11: =COUNTIFS('📥 Data Source'!A5:A5000,"12052025",'📥 Data Source'!B5:B5000,"A001",'📥 Data Source'!E5:E5000,"Non porteur") -> 0
A12: 14022025 | B12: A004 | C12: =SUMIFS('📥 Data Source'!F5:F5000,'📥 Data Source'!A5:A5000,"14022025",'📥 Data Source'!B5:B5000,"A004") -> 0 | D12: =SUMIFS('📥 Data Source'!G5:G5000,'📥 Data Source'!A5:A5000,"14022025",'📥 Data Source'!B5:B5000,"A004") -> 0 | E12: =COUNTIFS('📥 Data Source'!A5:A5000,"14022025",'📥 Data Source'!B5:B5000,"A004",'📥 Data Source'!E5:E5000,"Porteur") -> 0 | F12: =COUNTIFS('📥 Data Source'!A5:A5000,"14022025",'📥 Data Source'!B5:B5000,"A004",'📥 Data Source'!E5:E5000,"Non porteur") -> 0
A13: 15012025 | B13: A001 | C13: =SUMIFS('📥 Data Source'!F5:F5000,'📥 Data Source'!A5:A5000,"15012025",'📥 Data Source'!B5:B5000,"A001") -> 0 | D13: =SUMIFS('📥 Data Source'!G5:G5000,'📥 Data Source'!A5:A5000,"15012025",'📥 Data Source'!B5:B5000,"A001") -> 0 | E13: =COUNTIFS('📥 Data Source'!A5:A5000,"15012025",'📥 Data Source'!B5:B5000,"A001",'📥 Data Source'!E5:E5000,"Porteur") -> 0 | F13: =COUNTIFS('📥 Data Source'!A5:A5000,"15012025",'📥 Data Source'!B5:B5000,"A001",'📥 Data Source'!E5:E5000,"Non porteur") -> 0
A14: 18042025 | B14: A004 | C14: =SUMIFS('📥 Data Source'!F5:F5000,'📥 Data Source'!A5:A5000,"18042025",'📥 Data Source'!B5:B5000,"A004") -> 0 | D14: =SUMIFS('📥 Data Source'!G5:G5000,'📥 Data Source'!A5:A5000,"18042025",'📥 Data Source'!B5:B5000,"A004") -> 0 | E14: =COUNTIFS('📥 Data Source'!A5:A5000,"18042025",'📥 Data Source'!B5:B5000,"A004",'📥 Data Source'!E5:E5000,"Porteur") -> 0 | F14: =COUNTIFS('📥 Data Source'!A5:A5000,"18042025",'📥 Data Source'!B5:B5000,"A004",'📥 Data Source'!E5:E5000,"Non porteur") -> 0
A15: 19062025 | B15: A004 | C15: =SUMIFS('📥 Data Source'!F5:F5000,'📥 Data Source'!A5:A5000,"19062025",'📥 Data Source'!B5:B5000,"A004") -> 0 | D15: =SUMIFS('📥 Data Source'!G5:G5000,'📥 Data Source'!A5:A5000,"19062025",'📥 Data Source'!B5:B5000,"A004") -> 0 | E15: =COUNTIFS('📥 Data Source'!A5:A5000,"19062025",'📥 Data Source'!B5:B5000,"A004",'📥 Data Source'!E5:E5000,"Porteur") -> 0 | F15: =COUNTIFS('📥 Data Source'!A5:A5000,"19062025",'📥 Data Source'!B5:B5000,"A004",'📥 Data Source'!E5:E5000,"Non porteur") -> 0
A16: 22012025 | B16: A002 | C16: =SUMIFS('📥 Data Source'!F5:F5000,'📥 Data Source'!A5:A5000,"22012025",'📥 Data Source'!B5:B5000,"A002") -> 0 | D16: =SUMIFS('📥 Data Source'!G5:G5000,'📥 Data Source'!A5:A5000,"22012025",'📥 Data Source'!B5:B5000,"A002") -> 0 | E16: =COUNTIFS('📥 Data Source'!A5:A5000,"22012025",'📥 Data Source'!B5:B5000,"A002",'📥 Data Source'!E5:E5000,"Porteur") -> 0 | F16: =COUNTIFS('📥 Data Source'!A5:A5000,"22012025",'📥 Data Source'!B5:B5000,"A002",'📥 Data Source'!E5:E5000,"Non porteur") -> 0
A17: 25032025 | B17: A002 | C17: =SUMIFS('📥 Data Source'!F5:F5000,'📥 Data Source'!A5:A5000,"25032025",'📥 Data Source'!B5:B5000,"A002") -> 0 | D17: =SUMIFS('📥 Data Source'!G5:G5000,'📥 Data Source'!A5:A5000,"25032025",'📥 Data Source'!B5:B5000,"A002") -> 0 | E17: =COUNTIFS('📥 Data Source'!A5:A5000,"25032025",'📥 Data Source'!B5:B5000,"A002",'📥 Data Source'!E5:E5000,"Porteur") -> 0 | F17: =COUNTIFS('📥 Data Source'!A5:A5000,"25032025",'📥 Data Source'!B5:B5000,"A002",'📥 Data Source'!E5:E5000,"Non porteur") -> 0
A18: 28022025 | B18: A005 | C18: =SUMIFS('📥 Data Source'!F5:F5000,'📥 Data Source'!A5:A5000,"28022025",'📥 Data Source'!B5:B5000,"A005") -> 0 | D18: =SUMIFS('📥 Data Source'!G5:G5000,'📥 Data Source'!A5:A5000,"28022025",'📥 Data Source'!B5:B5000,"A005") -> 0 | E18: =COUNTIFS('📥 Data Source'!A5:A5000,"28022025",'📥 Data Source'!B5:B5000,"A005",'📥 Data Source'!E5:E5000,"Porteur") -> 0 | F18: =COUNTIFS('📥 Data Source'!A5:A5000,"28022025",'📥 Data Source'!B5:B5000,"A005",'📥 Data Source'!E5:E5000,"Non porteur") -> 0
A19: 28052025 | B19: A002 | C19: =SUMIFS('📥 Data Source'!F5:F5000,'📥 Data Source'!A5:A5000,"28052025",'📥 Data Source'!B5:B5000,"A002") -> 0 | D19: =SUMIFS('📥 Data Source'!G5:G5000,'📥 Data Source'!A5:A5000,"28052025",'📥 Data Source'!B5:B5000,"A002") -> 0 | E19: =COUNTIFS('📥 Data Source'!A5:A5000,"28052025",'📥 Data Source'!B5:B5000,"A002",'📥 Data Source'!E5:E5000,"Porteur") -> 0 | F19: =COUNTIFS('📥 Data Source'!A5:A5000,"28052025",'📥 Data Source'!B5:B5000,"A002",'📥 Data Source'!E5:E5000,"Non porteur") -> 0
A20: 30062025 | B20: A005 | C20: =SUMIFS('📥 Data Source'!F5:F5000,'📥 Data Source'!A5:A5000,"30062025",'📥 Data Source'!B5:B5000,"A005") -> 0 | D20: =SUMIFS('📥 Data Source'!G5:G5000,'📥 Data Source'!A5:A5000,"30062025",'📥 Data Source'!B5:B5000,"A005") -> 0 | E20: =COUNTIFS('📥 Data Source'!A5:A5000,"30062025",'📥 Data Source'!B5:B5000,"A005",'📥 Data Source'!E5:E5000,"Porteur") -> 0 | F20: =COUNTIFS('📥 Data Source'!A5:A5000,"30062025",'📥 Data Source'!B5:B5000,"A005",'📥 Data Source'!E5:E5000,"Non porteur") -> 0
A21: TOTAL | C21: =SUM(C6:C20) -> 0 | D21: =SUM(D6:D20) -> 0 | E21: =SUM(E6:E20) -> 0 | F21: =SUM(F6:F20) -> 0

Sheet 📈 Graphiques
A1: 📈 TABLEAUX DE BORD — RETRAITS NON SERVIS 2025 | R1: AUTOMATE | S1: NB_RETRAITS | U1: TYPE | V1: NB_RETRAITS | X1: DATE | Y1: MONTANT
A2: Graphiques mis à jour automatiquement | 02/06/2026 | R2: A001 | S2: 3 | U2: Porteur | V2: 12 | X2: 15012025 | Y2: 250
R3: A002 | S3: 5 | U3: Non porteur | V3: 9 | X3: 22012025 | Y3: 100
A4: 📊 NB RETRAITS NON ABOUTIS PAR AUTOMATE | I4: 🥧 PORTEUR vs NON PORTEUR | R4: A003 | S4: 4 | X4: 03022025 | Y4: 500
R5: A004 | S5: 6 | X5: 14022025 | Y5: 300
R6: A005 | S6: 3 | X6: 28022025 | Y6: 150
X7: 10032025 | Y7: 200
X8: 25032025 | Y8: 450
X9: 02042025 | Y9: 350
X10: 18042025 | Y10: 600
X11: 05052025 | Y11: 275
X12: 12052025 | Y12: 180
X13: 28052025 | Y13: 420
X14: 04062025 | Y14: 310
X15: 19062025 | Y15: 540
X16: 30062025 | Y16: 220
A23: 📈 ÉVOLUTION JOURNALIÈRE DES MONTANTS
