Workbook

Sheet 📥 Data Source
A1: 🏧 RETRAITS NON SERVIS — 2025 | DATA SOURCE
A2: Extraction : 02/06/2026 | ⚠️ Colle ici le résultat de ta requête SQL — les autres onglets se mettent à jour automatiquement
A4: DATE_OPERATION (DDMMYYYY) | B4: NUM_AUTOMATE | C4: LIB_SIT_ IMPLEMENTATION | D4: CODE_SITE_ IMPLEMENTATION | E4: TYPE_PORTEUR | F4: NB_RETRAIT_ NON_ABOUTIS | G4: MONTANT | H4: MOTIF
A5: 15012025 | B5: A001 | C5: Agence Paris Centre | D5: SIT001 | E5: Porteur | F5: 1 | G5: 250
A6: 22012025 | B6: A002 | C6: Agence Lyon Sud | D6: SIT002 | E6: Non porteur | F6: 1 | G6: 100
A7: 03022025 | B7: A003 | C7: Agence Marseille | D7: SIT003 | E7: Porteur | F7: 2 | G7: 500
A8: 14022025 | B8: A004 | C8: Agence Bordeaux | D8: SIT004 | E8: Non porteur | F8: 1 | G8: 300
A9: 28022025 | B9: A005 | C9: Agence Nantes | D9: SIT005 | E9: Porteur | F9: 1 | G9: 150
A10: 10032025 | B10: A001 | C10: Agence Paris Centre | D10: SIT001 | E10: Non porteur | F10: 1 | G10: 200
A11: 25032025 | B11: A002 | C11: Agence Lyon Sud | D11: SIT002 | E11: Porteur | F11: 2 | G11: 450
A12: 02042025 | B12: A003 | C12: Agence Marseille | D12: SIT003 | E12: Non porteur | F12: 1 | G12: 350
A13: 18042025 | B13: A004 | C13: Agence Bordeaux | D13: SIT004 | E13: Porteur | F13: 3 | G13: 600
A14: 05052025 | B14: A005 | C14: Agence Nantes | D14: SIT005 | E14: Non porteur | F14: 1 | G14: 275
A15: 12052025 | B15: A001 | C15: Agence Paris Centre | D15: SIT001 | E15: Porteur | F15: 1 | G15: 180
A16: 28052025 | B16: A002 | C16: Agence Lyon Sud | D16: SIT002 | E16: Non porteur | F16: 2 | G16: 420
... A19: 30062025 | B19: A005 | C19: Agence Nantes | D19: SIT005 | E19: Porteur | F19: 1 | G19: 220
A21: ⚠️ Supprime les lignes exemple et colle tes vraies données — format date DDMMYYYY (ex : 28082025)

Sheet 📊 Par Automate
A1: 📊 ANALYSE PAR AUTOMATE
A2: Extraction : 02/06/2026 | Filtre : colonne_statut = 10 | Périmètre : 2025
A4: ⚡ INDICATEURS CLÉS GLOBAUX
A5: Total Lignes | B5: Nb Retraits Non Aboutis | C5: Montant Total (€) | D5: Ops Porteurs | E5: Retraits Porteurs | F5: Montant Porteurs (€)
A6: =COUNTA('📥 Data Source'!B5:B5000) -> 15 | B6: =SUM('📥 Data Source'!F5:F5000) -> 21 | C6: =SUM('📥 Data Source'!G5:G5000) -> 4845 | D6: =COUNTIF('📥 Data Source'!E5:E5000,"Porteur") -> 8 | E6: =SUMIF('📥 Data Source'!E5:E5000,"Porteur",'📥 Data Source'!F5:F5000) -> 12 | F6: =SUMIF('📥 Data Source'!E5:E5000,"Porteur",'📥 Data Source'!G5:G5000) -> 2660
A8: 📋 RÉCAPITULATIF PAR NUM_AUTOMATE
A9: NUM_AUTOMATE | B9: LIB SITE IMPLEMENTATION | C9: NB RETRAITS NON ABOUTIS | D9: MONTANT TOTAL (€) | E9: NB OPS PORTEURS | F9: NB OPS NON PORTEURS
A10: A001 | B10: Agence Paris Centre | C10: =SUMIF('📥 Data Source'!B5:B5000,"A001",'📥 Data Source'!F5:F5000) -> 3 | D10: =SUMIF('📥 Data Source'!B5:B5000,"A001",'📥 Data Source'!G5:G5000) -> 630 | E10: =COUNTIFS('📥 Data Source'!B5:B5000,"A001",'📥 Data Source'!E5:E5000,"Porteur") -> 2 | F10: =COUNTIFS('📥 Data Source'!B5:B5000,"A001",'📥 Data Source'!E5:E5000,"Non porteur") -> 1
A11: A002 | B11: Agence Lyon Sud | C11: =SUMIF('📥 Data Source'!B5:B5000,"A002",'📥 Data Source'!F5:F5000) -> 5 | D11: =SUMIF('📥 Data Source'!B5:B5000,"A002",'📥 Data Source'!G5:G5000) -> 970 | E11: =COUNTIFS('📥 Data Source'!B5:B5000,"A002",'📥 Data Source'!E5:E5000,"Porteur") -> 1 | F11: =COUNTIFS('📥 Data Source'!B5:B5000,"A002",'📥 Data Source'!E5:E5000,"Non porteur") -> 2
A12: A003 | B12: Agence Marseille | C12: =SUMIF('📥 Data Source'!B5:B5000,"A003",'📥 Data Source'!F5:F5000) -> 4 | D12: =SUMIF('📥 Data Source'!B5:B5000,"A003",'📥 Data Source'!G5:G5000) -> 1160 | E12: =COUNTIFS('📥 Data Source'!B5:B5000,"A003",'📥 Data Source'!E5:E5000,"Porteur") -> 2 | F12: =COUNTIFS('📥 Data Source'!B5:B5000,"A003",'📥 Data Source'!E5:E5000,"Non porteur") -> 1
A13: A004 | B13: Agence Bordeaux | C13: =SUMIF('📥 Data Source'!B5:B5000,"A004",'📥 Data Source'!F5:F5000) -> 6 | D13: =SUMIF('📥 Data Source'!B5:B5000,"A004",'📥 Data Source'!G5:G5000) -> 1440 | E13: =COUNTIFS('📥 Data Source'!B5:B5000,"A004",'📥 Data Source'!E5:E5000,"Porteur") -> 1 | F13: =COUNTIFS('📥 Data Source'!B5:B5000,"A004",'📥 Data Source'!E5:E5000,"Non porteur") -> 2
A14: A005 | B14: Agence Nantes | C14: =SUMIF('📥 Data Source'!B5:B5000,"A005",'📥 Data Source'!F5:F5000) -> 3 | D14: =SUMIF('📥 Data Source'!B5:B5000,"A005",'📥 Data Source'!G5:G5000) -> 645 | E14: =COUNTIFS('📥 Data Source'!B5:B5000,"A005",'📥 Data Source'!E5:E5000,"Porteur") -> 2 | F14: =COUNTIFS('📥 Data Source'!B5:B5000,"A005",'📥 Data Source'!E5:E5000,"Non porteur") -> 1
A15: TOTAL | C15: =SUM(C10:C14) -> 21 | D15: =SUM(D10:D14) -> 4845 | E15: =SUM(E10:E14) -> 8 | F15: =SUM(F10:F14) -> 7

Sheet 🏢 Par Site
A1: 🏢 ANALYSE PAR SITE D'IMPLÉMENTATION
A2: Extraction : 02/06/2026 | Filtre : colonne_statut = 10 | Périmètre : 2025
A4: 📋 RÉCAPITULATIF PAR CODE_SITE_IMPLEMENTATION
A5: CODE SITE | B5: LIB SITE | C5: NB RETRAITS NON ABOUTIS | D5: MONTANT TOTAL (€) | E5: NB OPS PORTEURS | F5: NB OPS NON PORTEURS
A6: SIT001 | B6: Agence Paris Centre | C6: =SUMIF('📥 Data Source'!D5:D5000,"SIT001",'📥 Data Source'!F5:F5000) -> 3 | D6: =SUMIF('📥 Data Source'!D5:D5000,"SIT001",'📥 Data Source'!G5:G5000) -> 630 | E6: =COUNTIFS('📥 Data Source'!D5:D5000,"SIT001",'📥 Data Source'!E5:E5000,"Porteur") -> 2 | F6: =COUNTIFS('📥 Data Source'!D5:D5000,"SIT001",'📥 Data Source'!E5:E5000,"Non porteur") -> 1
A7: SIT002 | B7: Agence Lyon Sud | C7: =SUMIF('📥 Data Source'!D5:D5000,"SIT002",'📥 Data Source'!F5:F5000) -> 5 | D7: =SUMIF('📥 Data Source'!D5:D5000,"SIT002",'📥 Data Source'!G5:G5000) -> 970 | E7: =COUNTIFS('📥 Data Source'!D5:D5000,"SIT002",'📥 Data Source'!E5:E5000,"Porteur") -> 1 | F7: =COUNTIFS('📥 Data Source'!D5:D5000,"SIT002",'📥 Data Source'!E5:E5000,"Non porteur") -> 2
A8: SIT003 | B8: Agence Marseille | C8: =SUMIF('📥 Data Source'!D5:D5000,"SIT003",'📥 Data Source'!F5:F5000) -> 4 | D8: =SUMIF('📥 Data Source'!D5:D5000,"SIT003",'📥 Data Source'!G5:G5000) -> 1160 | E8: =COUNTIFS('📥 Data Source'!D5:D5000,"SIT003",'📥 Data Source'!E5:E5000,"Porteur") -> 2 | F8: =COUNTIFS('📥 Data Source'!D5:D5000,"SIT003",'📥 Data Source'!E5:E5000,"Non porteur") -> 1
A9: SIT004 | B9: Agence Bordeaux | C9: =SUMIF('📥 Data Source'!D5:D5000,"SIT004",'📥 Data Source'!F5:F5000) -> 6 | D9: =SUMIF('📥 Data Source'!D5:D5000,"SIT004",'📥 Data Source'!G5:G5000) -> 1440 | E9: =COUNTIFS('📥 Data Source'!D5:D5000,"SIT004",'📥 Data Source'!E5:E5000,"Porteur") -> 1 | F9: =COUNTIFS('📥 Data Source'!D5:D5000,"SIT004",'📥 Data Source'!E5:E5000,"Non porteur") -> 2
A10: SIT005 | B10: Agence Nantes | C10: =SUMIF('📥 Data Source'!D5:D5000,"SIT005",'📥 Data Source'!F5:F5000) -> 3 | D10: =SUMIF('📥 Data Source'!D5:D5000,"SIT005",'📥 Data Source'!G5:G5000) -> 645 | E10: =COUNTIFS('📥 Data Source'!D5:D5000,"SIT005",'📥 Data Source'!E5:E5000,"Porteur") -> 2 | F10: =COUNTIFS('📥 Data Source'!D5:D5000,"SIT005",'📥 Data Source'!E5:E5000,"Non porteur") -> 1
A11: TOTAL | C11: =SUM(C6:C10) -> 21 | D11: =SUM(D6:D10) -> 4845 | E11: =SUM(E6:E10) -> 8 | F11: =SUM(F6:F10) -> 7

Sheet 👥 Porteur vs Non Porteur
A1: 👥 PORTEUR vs NON PORTEUR — COMPARATIF
A2: Extraction : 02/06/2026 | Filtre : colonne_statut = 10 | Périmètre : 2025
A4: 📊 SYNTHÈSE COMPARÉE
A5: INDICATEUR | B5: PORTEUR | C5: NON PORTEUR | D5: TOTAL | E5: % PORTEURS
A6: Nb Lignes (transactions) | B6: =COUNTIF('📥 Data Source'!E5:E5000,"Porteur") -> 8 | C6: =COUNTIF('📥 Data Source'!E5:E5000,"Non porteur") -> 7 | D6: =B6+C6 -> 15 | E6: =IFERROR(B6/D6,0) -> 0.53333333
A7: Nb Retraits Non Aboutis | B7: =SUMIF('📥 Data Source'!E5:E5000,"Porteur",'📥 Data Source'!F5:F5000) -> 12 | C7: =SUMIF('📥 Data Source'!E5:E5000,"Non porteur",'📥 Data Source'!F5:F5000) -> 9 | D7: =B7+C7 -> 21 | E7: =IFERROR(B7/D7,0) -> 0.57142857
A8: Montant Total (€) | B8: =SUMIF('📥 Data Source'!E5:E5000,"Porteur",'📥 Data Source'!G5:G5000) -> 2660 | C8: =SUMIF('📥 Data Source'!E5:E5000,"Non porteur",'📥 Data Source'!G5:G5000) -> 2185 | D8: =B8+C8 -> 4845 | E8: =IFERROR(B8/D8,0) -> 0.54901961
A9: Montant Moyen / Retrait (€) | B9: =IFERROR(B8/B7,0) -> 221.66667 | C9: =IFERROR(C8/C7,0) -> 242.77778 | D9: =IFERROR(D8/D7,0) -> 230.71429
A12: 📋 DÉTAIL PAR AUTOMATE × TYPE PORTEUR
A13: NUM_AUTOMATE | B13: NB RETRAITS PORTEUR | C13: NB RETRAITS NON PORTEUR | D13: MNT PORTEUR (€) | E13: MNT NON PORTEUR (€)
A14: A001 | B14: =SUMIFS('📥 Data Source'!F5:F5000,'📥 Data Source'!B5:B5000,"A001",'📥 Data Source'!E5:E5000,"Porteur") -> 2 | C14: =SUMIFS('📥 Data Source'!F5:F5000,'📥 Data Source'!B5:B5000,"A001",'📥 Data Source'!E5:E5000,"Non porteur") -> 1 | D14: =SUMIFS('📥 Data Source'!G5:G5000,'📥 Data Source'!B5:B5000,"A001",'📥 Data Source'!E5:E5000,"Porteur") -> 430 | E14: =SUMIFS('📥 Data Source'!G5:G5000,'📥 Data Source'!B5:B5000,"A001",'📥 Data Source'!E5:E5000,"Non porteur") -> 200
A15: A002 | B15: =SUMIFS('📥 Data Source'!F5:F5000,'📥 Data Source'!B5:B5000,"A002",'📥 Data Source'!E5:E5000,"Porteur") -> 2 | C15: =SUMIFS('📥 Data Source'!F5:F5000,'📥 Data Source'!B5:B5000,"A002",'📥 Data Source'!E5:E5000,"Non porteur") -> 3 | D15: =SUMIFS('📥 Data Source'!G5:G5000,'📥 Data Source'!B5:B5000,"A002",'📥 Data Source'!E5:E5000,"Porteur") -> 450 | E15: =SUMIFS('📥 Data Source'!G5:G5000,'📥 Data Source'!B5:B5000,"A002",'📥 Data Source'!E5:E5000,"Non porteur") -> 520
A16: A003 | B16: =SUMIFS('📥 Data Source'!F5:F5000,'📥 Data Source'!B5:B5000,"A003",'📥 Data Source'!E5:E5000,"Porteur") -> 3 | C16: =SUMIFS('📥 Data Source'!F5:F5000,'📥 Data Source'!B5:B5000,"A003",'📥 Data Source'!E5:E5000,"Non porteur") -> 1 | D16: =SUMIFS('📥 Data Source'!G5:G5000,'📥 Data Source'!B5:B5000,"A003",'📥 Data Source'!E5:E5000,"Porteur") -> 810 | E16: =SUMIFS('📥 Data Source'!G5:G5000,'📥 Data Source'!B5:B5000,"A003",'📥 Data Source'!E5:E5000,"Non porteur") -> 350
A17: A004 | B17: =SUMIFS('📥 Data Source'!F5:F5000,'📥 Data Source'!B5:B5000,"A004",'📥 Data Source'!E5:E5000,"Porteur") -> 3 | C17: =SUMIFS('📥 Data Source'!F5:F5000,'📥 Data Source'!B5:B5000,"A004",'📥 Data Source'!E5:E5000,"Non porteur") -> 3 | D17: =SUMIFS('📥 Data Source'!G5:G5000,'📥 Data Source'!B5:B5000,"A004",'📥 Data Source'!E5:E5000,"Porteur") -> 600 | E17: =SUMIFS('📥 Data Source'!G5:G5000,'📥 Data Source'!B5:B5000,"A004",'📥 Data Source'!E5:E5000,"Non porteur") -> 840
A18: A005 | B18: =SUMIFS('📥 Data Source'!F5:F5000,'📥 Data Source'!B5:B5000,"A005",'📥 Data Source'!E5:E5000,"Porteur") -> 2 | C18: =SUMIFS('📥 Data Source'!F5:F5000,'📥 Data Source'!B5:B5000,"A005",'📥 Data Source'!E5:E5000,"Non porteur") -> 1 | D18: =SUMIFS('📥 Data Source'!G5:G5000,'📥 Data Source'!B5:B5000,"A005",'📥 Data Source'!E5:E5000,"Porteur") -> 370 | E18: =SUMIFS('📥 Data Source'!G5:G5000,'📥 Data Source'!B5:B5000,"A005",'📥 Data Source'!E5:E5000,"Non porteur") -> 275
A19: TOTAL | B19: =SUM(B14:B18) -> 12 | C19: =SUM(C14:C18) -> 9 | D19: =SUM(D14:D18) -> 2660 | E19: =SUM(E14:E18) -> 2185

Sheet 📅 Analyse par Jour
A1: 📅 ANALYSE JOURNALIÈRE — 2025
A2: Extraction : 02/06/2026 | Filtre : colonne_statut = 10 | Périmètre : 2025
A4: 📆 RÉCAPITULATIF PAR JOUR (format date : DDMMYYYY)
A5: DATE (DDMMYYYY) | B5: NUM_AUTOMATE | C5: NB RETRAITS NON ABOUTIS | D5: MONTANT TOTAL (€) | E5: NB OPS PORTEURS | F5: NB OPS NON PORTEURS
A6: 02042025 | B6: A003 | C6: =SUMIFS('📥 Data Source'!F5:F5000,'📥 Data Source'!A5:A5000,"02042025",'📥 Data Source'!B5:B5000,"A003") -> 1 | D6: =SUMIFS('📥 Data Source'!G5:G5000,'📥 Data Source'!A5:A5000,"02042025",'📥 Data Source'!B5:B5000,"A003") -> 350 | E6: =COUNTIFS('📥 Data Source'!A5:A5000,"02042025",'📥 Data Source'!B5:B5000,"A003",'📥 Data Source'!E5:E5000,"Porteur") -> 0 | F6: =COUNTIFS('📥 Data Source'!A5:A5000,"02042025",'📥 Data Source'!B5:B5000,"A003",'📥 Data Source'!E5:E5000,"Non porteur") -> 1
A7: 03022025 | B7: A003 | C7: =SUMIFS('📥 Data Source'!F5:F5000,'📥 Data Source'!A5:A5000,"03022025",'📥 Data Source'!B5:B5000,"A003") -> 2 | D7: =SUMIFS('📥 Data Source'!G5:G5000,'📥 Data Source'!A5:A5000,"03022025",'📥 Data Source'!B5:B5000,"A003") -> 500 | E7: =COUNTIFS('📥 Data Source'!A5:A5000,"03022025",'📥 Data Source'!B5:B5000,"A003",'📥 Data Source'!E5:E5000,"Porteur") -> 1 | F7: =COUNTIFS('📥 Data Source'!A5:A5000,"03022025",'📥 Data Source'!B5:B5000,"A003",'📥 Data Source'!E5:E5000,"Non porteur") -> 0
A8: 04062025 | B8: A003 | C8: =SUMIFS('📥 Data Source'!F5:F5000,'📥 Data Source'!A5:A5000,"04062025",'📥 Data Source'!B5:B5000,"A003") -> 1 | D8: =SUMIFS('📥 Data Source'!G5:G5000,'📥 Data Source'!A5:A5000,"04062025",'📥 Data Source'!B5:B5000,"A003") -> 310 | E8: =COUNTIFS('📥 Data Source'!A5:A5000,"04062025",'📥 Data Source'!B5:B5000,"A003",'📥 Data Source'!E5:E5000,"Porteur") -> 1 | F8: =COUNTIFS('📥 Data Source'!A5:A5000,"04062025",'📥 Data Source'!B5:B5000,"A003",'📥 Data Source'!E5:E5000,"Non porteur") -> 0
A9: 05052025 | B9: A005 | C9: =SUMIFS('📥 Data Source'!F5:F5000,'📥 Data Source'!A5:A5000,"05052025",'📥 Data Source'!B5:B5000,"A005") -> 1 | D9: =SUMIFS('📥 Data Source'!G5:G5000,'📥 Data Source'!A5:A5000,"05052025",'📥 Data Source'!B5:B5000,"A005") -> 275 | E9: =COUNTIFS('📥 Data Source'!A5:A5000,"05052025",'📥 Data Source'!B5:B5000,"A005",'📥 Data Source'!E5:E5000,"Porteur") -> 0 | F9: =COUNTIFS('📥 Data Source'!A5:A5000,"05052025",'📥 Data Source'!B5:B5000,"A005",'📥 Data Source'!E5:E5000,"Non porteur") -> 1
A10: 10032025 | B10: A001 | C10: =SUMIFS('📥 Data Source'!F5:F5000,'📥 Data Source'!A5:A5000,"10032025",'📥 Data Source'!B5:B5000,"A001") -> 1 | D10: =SUMIFS('📥 Data Source'!G5:G5000,'📥 Data Source'!A5:A5000,"10032025",'📥 Data Source'!B5:B5000,"A001") -> 200 | E10: =COUNTIFS('📥 Data Source'!A5:A5000,"10032025",'📥 Data Source'!B5:B5000,"A001",'📥 Data Source'!E5:E5000,"Porteur") -> 0 | F10: =COUNTIFS('📥 Data Source'!A5:A5000,"10032025",'📥 Data Source'!B5:B5000,"A001",'📥 Data Source'!E5:E5000,"Non porteur") -> 1
A11: 12052025 | B11: A001 | C11: =SUMIFS('📥 Data Source'!F5:F5000,'📥 Data Source'!A5:A5000,"12052025",'📥 Data Source'!B5:B5000,"A001") -> 1 | D11: =SUMIFS('📥 Data Source'!G5:G5000,'📥 Data Source'!A5:A5000,"12052025",'📥 Data Source'!B5:B5000,"A001") -> 180 | E11: =COUNTIFS('📥 Data Source'!A5:A5000,"12052025",'📥 Data Source'!B5:B5000,"A001",'📥 Data Source'!E5:E5000,"Porteur") -> 1 | F11: =COUNTIFS('📥 Data Source'!A5:A5000,"12052025",'📥 Data Source'!B5:B5000,"A001",'📥 Data Source'!E5:E5000,"Non porteur") -> 0
A12: 14022025 | B12: A004 | C12: =SUMIFS('📥 Data Source'!F5:F5000,'📥 Data Source'!A5:A5000,"14022025",'📥 Data Source'!B5:B5000,"A004") -> 1 | D12: =SUMIFS('📥 Data Source'!G5:G5000,'📥 Data Source'!A5:A5000,"14022025",'📥 Data Source'!B5:B5000,"A004") -> 300 | E12: =COUNTIFS('📥 Data Source'!A5:A5000,"14022025",'📥 Data Source'!B5:B5000,"A004",'📥 Data Source'!E5:E5000,"Porteur") -> 0 | F12: =COUNTIFS('📥 Data Source'!A5:A5000,"14022025",'📥 Data Source'!B5:B5000,"A004",'📥 Data Source'!E5:E5000,"Non porteur") -> 1
A13: 15012025 | B13: A001 | C13: =SUMIFS('📥 Data Source'!F5:F5000,'📥 Data Source'!A5:A5000,"15012025",'📥 Data Source'!B5:B5000,"A001") -> 1 | D13: =SUMIFS('📥 Data Source'!G5:G5000,'📥 Data Source'!A5:A5000,"15012025",'📥 Data Source'!B5:B5000,"A001") -> 250 | E13: =COUNTIFS('📥 Data Source'!A5:A5000,"15012025",'📥 Data Source'!B5:B5000,"A001",'📥 Data Source'!E5:E5000,"Porteur") -> 1 | F13: =COUNTIFS('📥 Data Source'!A5:A5000,"15012025",'📥 Data Source'!B5:B5000,"A001",'📥 Data Source'!E5:E5000,"Non porteur") -> 0
A14: 18042025 | B14: A004 | C14: =SUMIFS('📥 Data Source'!F5:F5000,'📥 Data Source'!A5:A5000,"18042025",'📥 Data Source'!B5:B5000,"A004") -> 3 | D14: =SUMIFS('📥 Data Source'!G5:G5000,'📥 Data Source'!A5:A5000,"18042025",'📥 Data Source'!B5:B5000,"A004") -> 600 | E14: =COUNTIFS('📥 Data Source'!A5:A5000,"18042025",'📥 Data Source'!B5:B5000,"A004",'📥 Data Source'!E5:E5000,"Porteur") -> 1 | F14: =COUNTIFS('📥 Data Source'!A5:A5000,"18042025",'📥 Data Source'!B5:B5000,"A004",'📥 Data Source'!E5:E5000,"Non porteur") -> 0
A15: 19062025 | B15: A004 | C15: =SUMIFS('📥 Data Source'!F5:F5000,'📥 Data Source'!A5:A5000,"19062025",'📥 Data Source'!B5:B5000,"A004") -> 2 | D15: =SUMIFS('📥 Data Source'!G5:G5000,'📥 Data Source'!A5:A5000,"19062025",'📥 Data Source'!B5:B5000,"A004") -> 540 | E15: =COUNTIFS('📥 Data Source'!A5:A5000,"19062025",'📥 Data Source'!B5:B5000,"A004",'📥 Data Source'!E5:E5000,"Porteur") -> 0 | F15: =COUNTIFS('📥 Data Source'!A5:A5000,"19062025",'📥 Data Source'!B5:B5000,"A004",'📥 Data Source'!E5:E5000,"Non porteur") -> 1
A16: 22012025 | B16: A002 | C16: =SUMIFS('📥 Data Source'!F5:F5000,'📥 Data Source'!A5:A5000,"22012025",'📥 Data Source'!B5:B5000,"A002") -> 1 | D16: =SUMIFS('📥 Data Source'!G5:G5000,'📥 Data Source'!A5:A5000,"22012025",'📥 Data Source'!B5:B5000,"A002") -> 100 | E16: =COUNTIFS('📥 Data Source'!A5:A5000,"22012025",'📥 Data Source'!B5:B5000,"A002",'📥 Data Source'!E5:E5000,"Porteur") -> 0 | F16: =COUNTIFS('📥 Data Source'!A5:A5000,"22012025",'📥 Data Source'!B5:B5000,"A002",'📥 Data Source'!E5:E5000,"Non porteur") -> 1
A17: 25032025 | B17: A002 | C17: =SUMIFS('📥 Data Source'!F5:F5000,'📥 Data Source'!A5:A5000,"25032025",'📥 Data Source'!B5:B5000,"A002") -> 2 | D17: =SUMIFS('📥 Data Source'!G5:G5000,'📥 Data Source'!A5:A5000,"25032025",'📥 Data Source'!B5:B5000,"A002") -> 450 | E17: =COUNTIFS('📥 Data Source'!A5:A5000,"25032025",'📥 Data Source'!B5:B5000,"A002",'📥 Data Source'!E5:E5000,"Porteur") -> 1 | F17: =COUNTIFS('📥 Data Source'!A5:A5000,"25032025",'📥 Data Source'!B5:B5000,"A002",'📥 Data Source'!E5:E5000,"Non porteur") -> 0
A18: 28022025 | B18: A005 | C18: =SUMIFS('📥 Data Source'!F5:F5000,'📥 Data Source'!A5:A5000,"28022025",'📥 Data Source'!B5:B5000,"A005") -> 1 | D18: =SUMIFS('📥 Data Source'!G5:G5000,'📥 Data Source'!A5:A5000,"28022025",'📥 Data Source'!B5:B5000,"A005") -> 150 | E18: =COUNTIFS('📥 Data Source'!A5:A5000,"28022025",'📥 Data Source'!B5:B5000,"A005",'📥 Data Source'!E5:E5000,"Porteur") -> 1 | F18: =COUNTIFS('📥 Data Source'!A5:A5000,"28022025",'📥 Data Source'!B5:B5000,"A005",'📥 Data Source'!E5:E5000,"Non porteur") -> 0
A19: 28052025 | B19: A002 | C19: =SUMIFS('📥 Data Source'!F5:F5000,'📥 Data Source'!A5:A5000,"28052025",'📥 Data Source'!B5:B5000,"A002") -> 2 | D19: =SUMIFS('📥 Data Source'!G5:G5000,'📥 Data Source'!A5:A5000,"28052025",'📥 Data Source'!B5:B5000,"A002") -> 420 | E19: =COUNTIFS('📥 Data Source'!A5:A5000,"28052025",'📥 Data Source'!B5:B5000,"A002",'📥 Data Source'!E5:E5000,"Porteur") -> 0 | F19: =COUNTIFS('📥 Data Source'!A5:A5000,"28052025",'📥 Data Source'!B5:B5000,"A002",'📥 Data Source'!E5:E5000,"Non porteur") -> 1
A20: 30062025 | B20: A005 | C20: =SUMIFS('📥 Data Source'!F5:F5000,'📥 Data Source'!A5:A5000,"30062025",'📥 Data Source'!B5:B5000,"A005") -> 1 | D20: =SUMIFS('📥 Data Source'!G5:G5000,'📥 Data Source'!A5:A5000,"30062025",'📥 Data Source'!B5:B5000,"A005") -> 220 | E20: =COUNTIFS('📥 Data Source'!A5:A5000,"30062025",'📥 Data Source'!B5:B5000,"A005",'📥 Data Source'!E5:E5000,"Porteur") -> 1 | F20: =COUNTIFS('📥 Data Source'!A5:A5000,"30062025",'📥 Data Source'!B5:B5000,"A005",'📥 Data Source'!E5:E5000,"Non porteur") -> 0
A21: TOTAL | C21: =SUM(C6:C20) -> 21 | D21: =SUM(D6:D20) -> 4845 | E21: =SUM(E6:E20) -> 8 | F21: =SUM(F6:F20) -> 7

Sheet 📈 Graphiques
A1: 📈 TABLEAUX DE BORD GRAPHIQUES — RETRAITS NON SERVIS 2025
A2: Graphiques mis à jour automatiquement depuis l'onglet Data Source | 02/06/2026
A3: 📊 NB RETRAITS NON ABOUTIS PAR AUTOMATE | I3: 🥧 PORTEUR vs NON PORTEUR
A22: 📈 ÉVOLUTION JOURNALIÈRE DES MONTANTS

Sheet _ChartData
A1: NUM_AUTOMATE | B1: NB_RETRAITS_NON_ABOUTIS | C1: PORTEURS | D1: NON_PORTEURS | F1: TYPE | G1: NB_RETRAITS | I1: DATE | J1: MONTANT_TOTAL
A2: A001 | B2: =SUMIF('📥 Data Source'!B5:B5000,"A001",'📥 Data Source'!F5:F5000) -> 3 | C2: =SUMIFS('📥 Data Source'!F5:F5000,'📥 Data Source'!B5:B5000,"A001",'📥 Data Source'!E5:E5000,"Porteur") -> 2 | D2: =SUMIFS('📥 Data Source'!F5:F5000,'📥 Data Source'!B5:B5000,"A001",'📥 Data Source'!E5:E5000,"Non porteur") -> 1 | F2: Porteur | G2: =SUMIF('📥 Data Source'!E5:E5000,"Porteur",'📥 Data Source'!F5:F5000) -> 12 | I2: 15012025 | J2: =SUMIF('📥 Data Source'!A5:A5000,"15012025",'📥 Data Source'!G5:G5000) -> 250
A3: A002 | B3: =SUMIF('📥 Data Source'!B5:B5000,"A002",'📥 Data Source'!F5:F5000) -> 5 | C3: =SUMIFS('📥 Data Source'!F5:F5000,'📥 Data Source'!B5:B5000,"A002",'📥 Data Source'!E5:E5000,"Porteur") -> 2 | D3: =SUMIFS('📥 Data Source'!F5:F5000,'📥 Data Source'!B5:B5000,"A002",'📥 Data Source'!E5:E5000,"Non porteur") -> 3 | F3: Non porteur | G3: =SUMIF('📥 Data Source'!E5:E5000,"Non porteur",'📥 Data Source'!F5:F5000) -> 9 | I3: 22012025 | J3: =SUMIF('📥 Data Source'!A5:A5000,"22012025",'📥 Data Source'!G5:G5000) -> 100
A4: A003 | B4: =SUMIF('📥 Data Source'!B5:B5000,"A003",'📥 Data Source'!F5:F5000) -> 4 | C4: =SUMIFS('📥 Data Source'!F5:F5000,'📥 Data Source'!B5:B5000,"A003",'📥 Data Source'!E5:E5000,"Porteur") -> 3 | D4: =SUMIFS('📥 Data Source'!F5:F5000,'📥 Data Source'!B5:B5000,"A003",'📥 Data Source'!E5:E5000,"Non porteur") -> 1 | I4: 03022025 | J4: =SUMIF('📥 Data Source'!A5:A5000,"03022025",'📥 Data Source'!G5:G5000) -> 500
A5: A004 | B5: =SUMIF('📥 Data Source'!B5:B5000,"A004",'📥 Data Source'!F5:F5000) -> 6 | C5: =SUMIFS('📥 Data Source'!F5:F5000,'📥 Data Source'!B5:B5000,"A004",'📥 Data Source'!E5:E5000,"Porteur") -> 3 | D5: =SUMIFS('📥 Data Source'!F5:F5000,'📥 Data Source'!B5:B5000,"A004",'📥 Data Source'!E5:E5000,"Non porteur") -> 3 | I5: 14022025 | J5: =SUMIF('📥 Data Source'!A5:A5000,"14022025",'📥 Data Source'!G5:G5000) -> 300
A6: A005 | B6: =SUMIF('📥 Data Source'!B5:B5000,"A005",'📥 Data Source'!F5:F5000) -> 3 | C6: =SUMIFS('📥 Data Source'!F5:F5000,'📥 Data Source'!B5:B5000,"A005",'📥 Data Source'!E5:E5000,"Porteur") -> 2 | D6: =SUMIFS('📥 Data Source'!F5:F5000,'📥 Data Source'!B5:B5000,"A005",'📥 Data Source'!E5:E5000,"Non porteur") -> 1 | I6: 28022025 | J6: =SUMIF('📥 Data Source'!A5:A5000,"28022025",'📥 Data Source'!G5:G5000) -> 150
I7: 10032025 | J7: =SUMIF('📥 Data Source'!A5:A5000,"10032025",'📥 Data Source'!G5:G5000) -> 200
I8: 25032025 | J8: =SUMIF('📥 Data Source'!A5:A5000,"25032025",'📥 Data Source'!G5:G5000) -> 450
I9: 02042025 | J9: =SUMIF('📥 Data Source'!A5:A5000,"02042025",'📥 Data Source'!G5:G5000) -> 350
I10: 18042025 | J10: =SUMIF('📥 Data Source'!A5:A5000,"18042025",'📥 Data Source'!G5:G5000) -> 600
I11: 05052025 | J11: =SUMIF('📥 Data Source'!A5:A5000,"05052025",'📥 Data Source'!G5:G5000) -> 275
I12: 12052025 | J12: =SUMIF('📥 Data Source'!A5:A5000,"12052025",'📥 Data Source'!G5:G5000) -> 180
I13: 28052025 | J13: =SUMIF('📥 Data Source'!A5:A5000,"28052025",'📥 Data Source'!G5:G5000) -> 420
I14: 04062025 | J14: =SUMIF('📥 Data Source'!A5:A5000,"04062025",'📥 Data Source'!G5:G5000) -> 310
I15: 19062025 | J15: =SUMIF('📥 Data Source'!A5:A5000,"19062025",'📥 Data Source'!G5:G5000) -> 540
I16: 30062025 | J16: =SUMIF('📥 Data Source'!A5:A5000,"30062025",'📥 Data Source'!G5:G5000) -> 220
